image_id,label,image_width,image_height,x_center,y_center,box_width,box_height,split
img_0001.jpg,helmet,640,640,0.15,0.2,0.14,0.18,train
img_0002.jpg,vest,640,640,0.19,0.245,0.16,0.205,train
img_0003.jpg,person,640,640,0.23,0.29,0.18,0.23,train
img_0004.jpg,helmet,640,640,0.27,0.335,0.2,0.255,train
img_0005.jpg,vest,640,640,0.31,0.38,0.22,0.28,train
img_0006.jpg,person,640,640,0.35,0.425,0.24,0.305,train
img_0007.jpg,helmet,640,640,0.39,0.47,0.26,0.18,train
img_0008.jpg,vest,640,640,0.43,0.515,0.14,0.205,train
img_0009.jpg,person,640,640,0.47,0.56,0.16,0.23,train
img_0010.jpg,helmet,640,640,0.51,0.605,0.18,0.255,train
img_0011.jpg,vest,640,640,0.55,0.65,0.2,0.28,train
img_0012.jpg,person,640,640,0.59,0.695,0.22,0.305,train
img_0013.jpg,helmet,640,640,0.63,0.74,0.24,0.18,train
img_0014.jpg,vest,640,640,0.67,0.2,0.26,0.205,train
img_0015.jpg,person,640,640,0.71,0.245,0.14,0.23,train
img_0016.jpg,helmet,640,640,0.75,0.29,0.16,0.255,train
img_0017.jpg,vest,640,640,0.79,0.335,0.18,0.28,train
img_0018.jpg,person,640,640,0.15,0.38,0.2,0.305,train
img_0019.jpg,helmet,640,640,0.19,0.425,0.22,0.18,train
img_0020.jpg,vest,640,640,0.23,0.47,0.24,0.205,train
img_0021.jpg,person,640,640,0.27,0.515,0.26,0.23,train
img_0022.jpg,helmet,640,640,0.31,0.56,0.14,0.255,train
img_0023.jpg,vest,640,640,0.35,0.605,0.16,0.28,train
img_0024.jpg,person,640,640,0.39,0.65,0.18,0.305,train
img_0025.jpg,helmet,640,640,0.43,0.695,0.2,0.18,train
img_0026.jpg,vest,640,640,0.47,0.74,0.22,0.205,train
img_0027.jpg,person,640,640,0.51,0.2,0.24,0.23,train
img_0028.jpg,helmet,640,640,0.55,0.245,0.26,0.255,train
img_0029.jpg,vest,640,640,0.59,0.29,0.14,0.28,train
img_0030.jpg,person,640,640,0.63,0.335,0.16,0.305,train
img_0031.jpg,helmet,640,640,0.67,0.38,0.18,0.18,train
img_0032.jpg,vest,640,640,0.71,0.425,0.2,0.205,train
img_0033.jpg,person,640,640,0.75,0.47,0.22,0.23,train
img_0034.jpg,helmet,640,640,0.79,0.515,0.24,0.255,train
img_0035.jpg,vest,640,640,0.15,0.56,0.26,0.28,train
img_0036.jpg,person,640,640,0.19,0.605,0.14,0.305,train
img_0037.jpg,helmet,640,640,0.23,0.65,0.16,0.18,train
img_0038.jpg,vest,640,640,0.27,0.695,0.18,0.205,train
img_0039.jpg,person,640,640,0.31,0.74,0.2,0.23,train
img_0040.jpg,helmet,640,640,0.35,0.2,0.22,0.255,train
img_0041.jpg,vest,640,640,0.39,0.245,0.24,0.28,train
img_0042.jpg,person,640,640,0.43,0.29,0.26,0.305,train
img_0043.jpg,helmet,640,640,0.47,0.335,0.14,0.18,train
img_0044.jpg,vest,640,640,0.51,0.38,0.16,0.205,train
img_0045.jpg,person,640,640,0.55,0.425,0.18,0.23,train
img_0046.jpg,helmet,640,640,0.59,0.47,0.2,0.255,train
img_0047.jpg,vest,640,640,0.63,0.515,0.22,0.28,train
img_0048.jpg,person,640,640,0.67,0.56,0.24,0.305,train
img_0049.jpg,helmet,640,640,0.71,0.605,0.26,0.18,train
img_0050.jpg,vest,640,640,0.75,0.65,0.14,0.205,train
img_0051.jpg,person,640,640,0.79,0.695,0.16,0.23,train
img_0052.jpg,helmet,640,640,0.15,0.74,0.18,0.255,train
img_0053.jpg,vest,640,640,0.19,0.2,0.2,0.28,train
img_0054.jpg,person,640,640,0.23,0.245,0.22,0.305,train
img_0055.jpg,helmet,640,640,0.27,0.29,0.24,0.18,train
img_0056.jpg,vest,640,640,0.31,0.335,0.26,0.205,train
img_0057.jpg,person,640,640,0.35,0.38,0.14,0.23,train
img_0058.jpg,helmet,640,640,0.39,0.425,0.16,0.255,train
img_0059.jpg,vest,640,640,0.43,0.47,0.18,0.28,train
img_0060.jpg,person,640,640,0.47,0.515,0.2,0.305,train
img_0061.jpg,helmet,640,640,0.51,0.56,0.22,0.18,train
img_0062.jpg,vest,640,640,0.55,0.605,0.24,0.205,train
img_0063.jpg,person,640,640,0.59,0.65,0.26,0.23,train
img_0064.jpg,helmet,640,640,0.63,0.695,0.14,0.255,train
img_0065.jpg,vest,640,640,0.67,0.74,0.16,0.28,train
img_0066.jpg,person,640,640,0.71,0.2,0.18,0.305,train
img_0067.jpg,helmet,640,640,0.75,0.245,0.2,0.18,train
img_0068.jpg,vest,640,640,0.79,0.29,0.22,0.205,train
img_0069.jpg,person,640,640,0.15,0.335,0.24,0.23,train
img_0070.jpg,helmet,640,640,0.19,0.38,0.26,0.255,train
img_0071.jpg,vest,640,640,0.23,0.425,0.14,0.28,train
img_0072.jpg,person,640,640,0.27,0.47,0.16,0.305,train
img_0073.jpg,helmet,640,640,0.31,0.515,0.18,0.18,train
img_0074.jpg,vest,640,640,0.35,0.56,0.2,0.205,train
img_0075.jpg,person,640,640,0.39,0.605,0.22,0.23,train
img_0076.jpg,helmet,640,640,0.43,0.65,0.24,0.255,train
img_0077.jpg,vest,640,640,0.47,0.695,0.26,0.28,train
img_0078.jpg,person,640,640,0.51,0.74,0.14,0.305,train
img_0079.jpg,helmet,640,640,0.55,0.2,0.16,0.18,train
img_0080.jpg,vest,640,640,0.59,0.245,0.18,0.205,train
img_0081.jpg,person,640,640,0.63,0.29,0.2,0.23,train
img_0082.jpg,helmet,640,640,0.67,0.335,0.22,0.255,train
img_0083.jpg,vest,640,640,0.71,0.38,0.24,0.28,train
img_0084.jpg,person,640,640,0.75,0.425,0.26,0.305,train
img_0085.jpg,helmet,640,640,0.79,0.47,0.14,0.18,train
img_0086.jpg,vest,640,640,0.15,0.515,0.16,0.205,train
img_0087.jpg,person,640,640,0.19,0.56,0.18,0.23,train
img_0088.jpg,helmet,640,640,0.23,0.605,0.2,0.255,train
img_0089.jpg,vest,640,640,0.27,0.65,0.22,0.28,train
img_0090.jpg,person,640,640,0.31,0.695,0.24,0.305,train
img_0091.jpg,helmet,640,640,0.35,0.74,0.26,0.18,train
img_0092.jpg,vest,640,640,0.39,0.2,0.14,0.205,train
img_0093.jpg,person,640,640,0.43,0.245,0.16,0.23,train
img_0094.jpg,helmet,640,640,0.47,0.29,0.18,0.255,train
img_0095.jpg,vest,640,640,0.51,0.335,0.2,0.28,train
img_0096.jpg,person,640,640,0.55,0.38,0.22,0.305,train
img_0097.jpg,helmet,640,640,0.59,0.425,0.24,0.18,train
img_0098.jpg,vest,640,640,0.63,0.47,0.26,0.205,train
img_0099.jpg,person,640,640,0.67,0.515,0.14,0.23,train
img_0100.jpg,helmet,640,640,0.71,0.56,0.16,0.255,train
img_0101.jpg,vest,640,640,0.75,0.605,0.18,0.28,train
img_0102.jpg,person,640,640,0.79,0.65,0.2,0.305,train
img_0103.jpg,helmet,640,640,0.15,0.695,0.22,0.18,train
img_0104.jpg,vest,640,640,0.19,0.74,0.24,0.205,train
img_0105.jpg,person,640,640,0.23,0.2,0.26,0.23,train
img_0106.jpg,helmet,640,640,0.27,0.245,0.14,0.255,train
img_0107.jpg,vest,640,640,0.31,0.29,0.16,0.28,train
img_0108.jpg,person,640,640,0.35,0.335,0.18,0.305,train
img_0109.jpg,helmet,640,640,0.39,0.38,0.2,0.18,train
img_0110.jpg,vest,640,640,0.43,0.425,0.22,0.205,train
img_0111.jpg,person,640,640,0.47,0.47,0.24,0.23,train
img_0112.jpg,helmet,640,640,0.51,0.515,0.26,0.255,train
img_0113.jpg,vest,640,640,0.55,0.56,0.14,0.28,train
img_0114.jpg,person,640,640,0.59,0.605,0.16,0.305,train
img_0115.jpg,helmet,640,640,0.63,0.65,0.18,0.18,train
img_0116.jpg,vest,640,640,0.67,0.695,0.2,0.205,train
img_0117.jpg,person,640,640,0.71,0.74,0.22,0.23,train
img_0118.jpg,helmet,640,640,0.75,0.2,0.24,0.255,train
img_0119.jpg,vest,640,640,0.79,0.245,0.26,0.28,train
img_0120.jpg,person,640,640,0.15,0.29,0.14,0.305,train
img_0121.jpg,helmet,640,640,0.19,0.335,0.16,0.18,train
img_0122.jpg,vest,640,640,0.23,0.38,0.18,0.205,train
img_0123.jpg,person,640,640,0.27,0.425,0.2,0.23,train
img_0124.jpg,helmet,640,640,0.31,0.47,0.22,0.255,train
img_0125.jpg,vest,640,640,0.35,0.515,0.24,0.28,train
img_0126.jpg,person,640,640,0.39,0.56,0.26,0.305,train
img_0127.jpg,helmet,640,640,0.43,0.605,0.14,0.18,train
img_0128.jpg,vest,640,640,0.47,0.65,0.16,0.205,train
img_0129.jpg,person,640,640,0.51,0.695,0.18,0.23,train
img_0130.jpg,helmet,640,640,0.55,0.74,0.2,0.255,train
img_0131.jpg,vest,640,640,0.59,0.2,0.22,0.28,train
img_0132.jpg,person,640,640,0.63,0.245,0.24,0.305,train
img_0133.jpg,helmet,640,640,0.67,0.29,0.26,0.18,train
img_0134.jpg,vest,640,640,0.71,0.335,0.14,0.205,train
img_0135.jpg,person,640,640,0.75,0.38,0.16,0.23,train
img_0136.jpg,helmet,640,640,0.79,0.425,0.18,0.255,train
img_0137.jpg,vest,640,640,0.15,0.47,0.2,0.28,train
img_0138.jpg,person,640,640,0.19,0.515,0.22,0.305,train
img_0139.jpg,helmet,640,640,0.23,0.56,0.24,0.18,train
img_0140.jpg,vest,640,640,0.27,0.605,0.26,0.205,train
img_0141.jpg,person,640,640,0.31,0.65,0.14,0.23,train
img_0142.jpg,helmet,640,640,0.35,0.695,0.16,0.255,train
img_0143.jpg,vest,640,640,0.39,0.74,0.18,0.28,train
img_0144.jpg,person,640,640,0.43,0.2,0.2,0.305,train
img_0145.jpg,helmet,640,640,0.47,0.245,0.22,0.18,train
img_0146.jpg,vest,640,640,0.51,0.29,0.24,0.205,train
img_0147.jpg,person,640,640,0.55,0.335,0.26,0.23,train
img_0148.jpg,helmet,640,640,0.59,0.38,0.14,0.255,train
img_0149.jpg,vest,640,640,0.63,0.425,0.16,0.28,train
img_0150.jpg,person,640,640,0.67,0.47,0.18,0.305,train
img_0151.jpg,helmet,640,640,0.71,0.515,0.2,0.18,train
img_0152.jpg,vest,640,640,0.75,0.56,0.22,0.205,train
img_0153.jpg,person,640,640,0.79,0.605,0.24,0.23,train
img_0154.jpg,helmet,640,640,0.15,0.65,0.26,0.255,train
img_0155.jpg,vest,640,640,0.19,0.695,0.14,0.28,train
img_0156.jpg,person,640,640,0.23,0.74,0.16,0.305,train
img_0157.jpg,helmet,640,640,0.27,0.2,0.18,0.18,train
img_0158.jpg,vest,640,640,0.31,0.245,0.2,0.205,train
img_0159.jpg,person,640,640,0.35,0.29,0.22,0.23,train
img_0160.jpg,helmet,640,640,0.39,0.335,0.24,0.255,train
img_0161.jpg,vest,640,640,0.43,0.38,0.26,0.28,train
img_0162.jpg,person,640,640,0.47,0.425,0.14,0.305,train
img_0163.jpg,helmet,640,640,0.51,0.47,0.16,0.18,train
img_0164.jpg,vest,640,640,0.55,0.515,0.18,0.205,train
img_0165.jpg,person,640,640,0.59,0.56,0.2,0.23,train
img_0166.jpg,helmet,640,640,0.63,0.605,0.22,0.255,train
img_0167.jpg,vest,640,640,0.67,0.65,0.24,0.28,train
img_0168.jpg,person,640,640,0.71,0.695,0.26,0.305,train
img_0169.jpg,helmet,640,640,0.75,0.74,0.14,0.18,train
img_0170.jpg,vest,640,640,0.79,0.2,0.16,0.205,train
img_0171.jpg,person,640,640,0.15,0.245,0.18,0.23,train
img_0172.jpg,helmet,640,640,0.19,0.29,0.2,0.255,train
img_0173.jpg,vest,640,640,0.23,0.335,0.22,0.28,train
img_0174.jpg,person,640,640,0.27,0.38,0.24,0.305,train
img_0175.jpg,helmet,640,640,0.31,0.425,0.26,0.18,train
img_0176.jpg,vest,640,640,0.35,0.47,0.14,0.205,train
img_0177.jpg,person,640,640,0.39,0.515,0.16,0.23,train
img_0178.jpg,helmet,640,640,0.43,0.56,0.18,0.255,train
img_0179.jpg,vest,640,640,0.47,0.605,0.2,0.28,train
img_0180.jpg,person,640,640,0.51,0.65,0.22,0.305,train
img_0181.jpg,helmet,640,640,0.55,0.695,0.24,0.18,train
img_0182.jpg,vest,640,640,0.59,0.74,0.26,0.205,train
img_0183.jpg,person,640,640,0.63,0.2,0.14,0.23,train
img_0184.jpg,helmet,640,640,0.67,0.245,0.16,0.255,train
img_0185.jpg,vest,640,640,0.71,0.29,0.18,0.28,train
img_0186.jpg,person,640,640,0.75,0.335,0.2,0.305,train
img_0187.jpg,helmet,640,640,0.79,0.38,0.22,0.18,train
img_0188.jpg,vest,640,640,0.15,0.425,0.24,0.205,train
img_0189.jpg,person,640,640,0.19,0.47,0.26,0.23,train
img_0190.jpg,helmet,640,640,0.23,0.515,0.14,0.255,train
img_0191.jpg,vest,640,640,0.27,0.56,0.16,0.28,train
img_0192.jpg,person,640,640,0.31,0.605,0.18,0.305,train
img_0193.jpg,helmet,640,640,0.35,0.65,0.2,0.18,train
img_0194.jpg,vest,640,640,0.39,0.695,0.22,0.205,train
img_0195.jpg,person,640,640,0.43,0.74,0.24,0.23,train
img_0196.jpg,helmet,640,640,0.47,0.2,0.26,0.255,train
img_0197.jpg,vest,640,640,0.51,0.245,0.14,0.28,train
img_0198.jpg,person,640,640,0.55,0.29,0.16,0.305,train
img_0199.jpg,helmet,640,640,0.59,0.335,0.18,0.18,train
img_0200.jpg,vest,640,640,0.63,0.38,0.2,0.205,train
img_0201.jpg,person,640,640,0.67,0.425,0.22,0.23,train
img_0202.jpg,helmet,640,640,0.71,0.47,0.24,0.255,train
img_0203.jpg,vest,640,640,0.75,0.515,0.26,0.28,train
img_0204.jpg,person,640,640,0.79,0.56,0.14,0.305,train
img_0205.jpg,helmet,640,640,0.15,0.605,0.16,0.18,train
img_0206.jpg,vest,640,640,0.19,0.65,0.18,0.205,train
img_0207.jpg,person,640,640,0.23,0.695,0.2,0.23,train
img_0208.jpg,helmet,640,640,0.27,0.74,0.22,0.255,train
img_0209.jpg,vest,640,640,0.31,0.2,0.24,0.28,train
img_0210.jpg,person,640,640,0.35,0.245,0.26,0.305,train
img_0211.jpg,helmet,640,640,0.39,0.29,0.14,0.18,train
img_0212.jpg,vest,640,640,0.43,0.335,0.16,0.205,train
img_0213.jpg,person,640,640,0.47,0.38,0.18,0.23,train
img_0214.jpg,helmet,640,640,0.51,0.425,0.2,0.255,train
img_0215.jpg,vest,640,640,0.55,0.47,0.22,0.28,train
img_0216.jpg,person,640,640,0.59,0.515,0.24,0.305,train
img_0217.jpg,helmet,640,640,0.63,0.56,0.26,0.18,train
img_0218.jpg,vest,640,640,0.67,0.605,0.14,0.205,train
img_0219.jpg,person,640,640,0.71,0.65,0.16,0.23,train
img_0220.jpg,helmet,640,640,0.75,0.695,0.18,0.255,train
img_0221.jpg,vest,640,640,0.79,0.74,0.2,0.28,train
img_0222.jpg,person,640,640,0.15,0.2,0.22,0.305,train
img_0223.jpg,helmet,640,640,0.19,0.245,0.24,0.18,train
img_0224.jpg,vest,640,640,0.23,0.29,0.26,0.205,train
img_0225.jpg,person,640,640,0.27,0.335,0.14,0.23,train
img_0226.jpg,helmet,640,640,0.31,0.38,0.16,0.255,train
img_0227.jpg,vest,640,640,0.35,0.425,0.18,0.28,train
img_0228.jpg,person,640,640,0.39,0.47,0.2,0.305,train
img_0229.jpg,helmet,640,640,0.43,0.515,0.22,0.18,train
img_0230.jpg,vest,640,640,0.47,0.56,0.24,0.205,train
img_0231.jpg,person,640,640,0.51,0.605,0.26,0.23,train
img_0232.jpg,helmet,640,640,0.55,0.65,0.14,0.255,train
img_0233.jpg,vest,640,640,0.59,0.695,0.16,0.28,train
img_0234.jpg,person,640,640,0.63,0.74,0.18,0.305,train
img_0235.jpg,helmet,640,640,0.67,0.2,0.2,0.18,train
img_0236.jpg,vest,640,640,0.71,0.245,0.22,0.205,train
img_0237.jpg,person,640,640,0.75,0.29,0.24,0.23,train
img_0238.jpg,helmet,640,640,0.79,0.335,0.26,0.255,train
img_0239.jpg,vest,640,640,0.15,0.38,0.14,0.28,train
img_0240.jpg,person,640,640,0.19,0.425,0.16,0.305,train
img_0241.jpg,helmet,640,640,0.23,0.47,0.18,0.18,train
img_0242.jpg,vest,640,640,0.27,0.515,0.2,0.205,train
img_0243.jpg,person,640,640,0.31,0.56,0.22,0.23,train
img_0244.jpg,helmet,640,640,0.35,0.605,0.24,0.255,train
img_0245.jpg,vest,640,640,0.39,0.65,0.26,0.28,train
img_0246.jpg,person,640,640,0.43,0.695,0.14,0.305,train
img_0247.jpg,helmet,640,640,0.47,0.74,0.16,0.18,train
img_0248.jpg,vest,640,640,0.51,0.2,0.18,0.205,train
img_0249.jpg,person,640,640,0.55,0.245,0.2,0.23,train
img_0250.jpg,helmet,640,640,0.59,0.29,0.22,0.255,train
img_0251.jpg,vest,640,640,0.63,0.335,0.24,0.28,train
img_0252.jpg,person,640,640,0.67,0.38,0.26,0.305,train
img_0253.jpg,helmet,640,640,0.71,0.425,0.14,0.18,train
img_0254.jpg,vest,640,640,0.75,0.47,0.16,0.205,train
img_0255.jpg,person,640,640,0.79,0.515,0.18,0.23,train
img_0256.jpg,helmet,640,640,0.15,0.56,0.2,0.255,train
img_0257.jpg,vest,640,640,0.19,0.605,0.22,0.28,train
img_0258.jpg,person,640,640,0.23,0.65,0.24,0.305,train
img_0259.jpg,helmet,640,640,0.27,0.695,0.26,0.18,train
img_0260.jpg,vest,640,640,0.31,0.74,0.14,0.205,train
img_0261.jpg,person,640,640,0.35,0.2,0.16,0.23,train
img_0262.jpg,helmet,640,640,0.39,0.245,0.18,0.255,train
img_0263.jpg,vest,640,640,0.43,0.29,0.2,0.28,train
img_0264.jpg,person,640,640,0.47,0.335,0.22,0.305,train
img_0265.jpg,helmet,640,640,0.51,0.38,0.24,0.18,train
img_0266.jpg,vest,640,640,0.55,0.425,0.26,0.205,train
img_0267.jpg,person,640,640,0.59,0.47,0.14,0.23,train
img_0268.jpg,helmet,640,640,0.63,0.515,0.16,0.255,train
img_0269.jpg,vest,640,640,0.67,0.56,0.18,0.28,train
img_0270.jpg,person,640,640,0.71,0.605,0.2,0.305,train
img_0271.jpg,helmet,640,640,0.75,0.65,0.22,0.18,train
img_0272.jpg,vest,640,640,0.79,0.695,0.24,0.205,train
img_0273.jpg,person,640,640,0.15,0.74,0.26,0.23,train
img_0274.jpg,helmet,640,640,0.19,0.2,0.14,0.255,train
img_0275.jpg,vest,640,640,0.23,0.245,0.16,0.28,train
img_0276.jpg,person,640,640,0.27,0.29,0.18,0.305,train
img_0277.jpg,helmet,640,640,0.31,0.335,0.2,0.18,train
img_0278.jpg,vest,640,640,0.35,0.38,0.22,0.205,train
img_0279.jpg,person,640,640,0.39,0.425,0.24,0.23,train
img_0280.jpg,helmet,640,640,0.43,0.47,0.26,0.255,train
img_0281.jpg,vest,640,640,0.47,0.515,0.14,0.28,train
img_0282.jpg,person,640,640,0.51,0.56,0.16,0.305,train
img_0283.jpg,helmet,640,640,0.55,0.605,0.18,0.18,train
img_0284.jpg,vest,640,640,0.59,0.65,0.2,0.205,train
img_0285.jpg,person,640,640,0.63,0.695,0.22,0.23,train
img_0286.jpg,helmet,640,640,0.67,0.74,0.24,0.255,train
img_0287.jpg,vest,640,640,0.71,0.2,0.26,0.28,train
img_0288.jpg,person,640,640,0.75,0.245,0.14,0.305,train
img_0289.jpg,helmet,640,640,0.79,0.29,0.16,0.18,train
img_0290.jpg,vest,640,640,0.15,0.335,0.18,0.205,train
img_0291.jpg,person,640,640,0.19,0.38,0.2,0.23,train
img_0292.jpg,helmet,640,640,0.23,0.425,0.22,0.255,train
img_0293.jpg,vest,640,640,0.27,0.47,0.24,0.28,train
img_0294.jpg,person,640,640,0.31,0.515,0.26,0.305,train
img_0295.jpg,helmet,640,640,0.35,0.56,0.14,0.18,train
img_0296.jpg,vest,640,640,0.39,0.605,0.16,0.205,train
img_0297.jpg,person,640,640,0.43,0.65,0.18,0.23,train
img_0298.jpg,helmet,640,640,0.47,0.695,0.2,0.255,train
img_0299.jpg,vest,640,640,0.51,0.74,0.22,0.28,train
img_0300.jpg,person,640,640,0.55,0.2,0.24,0.305,train
img_0301.jpg,helmet,640,640,0.59,0.245,0.26,0.18,train
img_0302.jpg,vest,640,640,0.63,0.29,0.14,0.205,train
img_0303.jpg,person,640,640,0.67,0.335,0.16,0.23,train
img_0304.jpg,helmet,640,640,0.71,0.38,0.18,0.255,train
img_0305.jpg,vest,640,640,0.75,0.425,0.2,0.28,train
img_0306.jpg,person,640,640,0.79,0.47,0.22,0.305,train
img_0307.jpg,helmet,640,640,0.15,0.515,0.24,0.18,train
img_0308.jpg,vest,640,640,0.19,0.56,0.26,0.205,train
img_0309.jpg,person,640,640,0.23,0.605,0.14,0.23,train
img_0310.jpg,helmet,640,640,0.27,0.65,0.16,0.255,train
img_0311.jpg,vest,640,640,0.31,0.695,0.18,0.28,train
img_0312.jpg,person,640,640,0.35,0.74,0.2,0.305,train
img_0313.jpg,helmet,640,640,0.39,0.2,0.22,0.18,train
img_0314.jpg,vest,640,640,0.43,0.245,0.24,0.205,train
img_0315.jpg,person,640,640,0.47,0.29,0.26,0.23,train
img_0316.jpg,helmet,640,640,0.51,0.335,0.14,0.255,train
img_0317.jpg,vest,640,640,0.55,0.38,0.16,0.28,train
img_0318.jpg,person,640,640,0.59,0.425,0.18,0.305,train
img_0319.jpg,helmet,640,640,0.63,0.47,0.2,0.18,train
img_0320.jpg,vest,640,640,0.67,0.515,0.22,0.205,train
img_0321.jpg,person,640,640,0.71,0.56,0.24,0.23,train
img_0322.jpg,helmet,640,640,0.75,0.605,0.26,0.255,train
img_0323.jpg,vest,640,640,0.79,0.65,0.14,0.28,train
img_0324.jpg,person,640,640,0.15,0.695,0.16,0.305,train
img_0325.jpg,helmet,640,640,0.19,0.74,0.18,0.18,train
img_0326.jpg,vest,640,640,0.23,0.2,0.2,0.205,train
img_0327.jpg,person,640,640,0.27,0.245,0.22,0.23,train
img_0328.jpg,helmet,640,640,0.31,0.29,0.24,0.255,train
img_0329.jpg,vest,640,640,0.35,0.335,0.26,0.28,train
img_0330.jpg,person,640,640,0.39,0.38,0.14,0.305,train
img_0331.jpg,helmet,640,640,0.43,0.425,0.16,0.18,train
img_0332.jpg,vest,640,640,0.47,0.47,0.18,0.205,train
img_0333.jpg,person,640,640,0.51,0.515,0.2,0.23,train
img_0334.jpg,helmet,640,640,0.55,0.56,0.22,0.255,train
img_0335.jpg,vest,640,640,0.59,0.605,0.24,0.28,train
img_0336.jpg,person,640,640,0.63,0.65,0.26,0.305,train
img_0337.jpg,helmet,640,640,0.67,0.695,0.14,0.18,train
img_0338.jpg,vest,640,640,0.71,0.74,0.16,0.205,train
img_0339.jpg,person,640,640,0.75,0.2,0.18,0.23,train
img_0340.jpg,helmet,640,640,0.79,0.245,0.2,0.255,train
img_0341.jpg,vest,640,640,0.15,0.29,0.22,0.28,train
img_0342.jpg,person,640,640,0.19,0.335,0.24,0.305,train
img_0343.jpg,helmet,640,640,0.23,0.38,0.26,0.18,train
img_0344.jpg,vest,640,640,0.27,0.425,0.14,0.205,train
img_0345.jpg,person,640,640,0.31,0.47,0.16,0.23,train
img_0346.jpg,helmet,640,640,0.35,0.515,0.18,0.255,train
img_0347.jpg,vest,640,640,0.39,0.56,0.2,0.28,train
img_0348.jpg,person,640,640,0.43,0.605,0.22,0.305,train
img_0349.jpg,helmet,640,640,0.47,0.65,0.24,0.18,train
img_0350.jpg,vest,640,640,0.51,0.695,0.26,0.205,train
img_0351.jpg,person,640,640,0.55,0.74,0.14,0.23,train
img_0352.jpg,helmet,640,640,0.59,0.2,0.16,0.255,train
img_0353.jpg,vest,640,640,0.63,0.245,0.18,0.28,train
img_0354.jpg,person,640,640,0.67,0.29,0.2,0.305,train
img_0355.jpg,helmet,640,640,0.71,0.335,0.22,0.18,train
img_0356.jpg,vest,640,640,0.75,0.38,0.24,0.205,train
img_0357.jpg,person,640,640,0.79,0.425,0.26,0.23,train
img_0358.jpg,helmet,640,640,0.15,0.47,0.14,0.255,train
img_0359.jpg,vest,640,640,0.19,0.515,0.16,0.28,train
img_0360.jpg,person,640,640,0.23,0.56,0.18,0.305,train
img_0361.jpg,helmet,640,640,0.27,0.605,0.2,0.18,train
img_0362.jpg,vest,640,640,0.31,0.65,0.22,0.205,train
img_0363.jpg,person,640,640,0.35,0.695,0.24,0.23,train
img_0364.jpg,helmet,640,640,0.39,0.74,0.26,0.255,train
img_0365.jpg,vest,640,640,0.43,0.2,0.14,0.28,train
img_0366.jpg,person,640,640,0.47,0.245,0.16,0.305,train
img_0367.jpg,helmet,640,640,0.51,0.29,0.18,0.18,train
img_0368.jpg,vest,640,640,0.55,0.335,0.2,0.205,train
img_0369.jpg,person,640,640,0.59,0.38,0.22,0.23,train
img_0370.jpg,helmet,640,640,0.63,0.425,0.24,0.255,train
img_0371.jpg,vest,640,640,0.67,0.47,0.26,0.28,train
img_0372.jpg,person,640,640,0.71,0.515,0.14,0.305,train
img_0373.jpg,helmet,640,640,0.75,0.56,0.16,0.18,train
img_0374.jpg,vest,640,640,0.79,0.605,0.18,0.205,train
img_0375.jpg,person,640,640,0.15,0.65,0.2,0.23,train
img_0376.jpg,helmet,640,640,0.19,0.695,0.22,0.255,train
img_0377.jpg,vest,640,640,0.23,0.74,0.24,0.28,train
img_0378.jpg,person,640,640,0.27,0.2,0.26,0.305,train
img_0379.jpg,helmet,640,640,0.31,0.245,0.14,0.18,train
img_0380.jpg,vest,640,640,0.35,0.29,0.16,0.205,train
img_0381.jpg,person,640,640,0.39,0.335,0.18,0.23,train
img_0382.jpg,helmet,640,640,0.43,0.38,0.2,0.255,train
img_0383.jpg,vest,640,640,0.47,0.425,0.22,0.28,train
img_0384.jpg,person,640,640,0.51,0.47,0.24,0.305,train
img_0385.jpg,helmet,640,640,0.55,0.515,0.26,0.18,train
img_0386.jpg,vest,640,640,0.59,0.56,0.14,0.205,train
img_0387.jpg,person,640,640,0.63,0.605,0.16,0.23,train
img_0388.jpg,helmet,640,640,0.67,0.65,0.18,0.255,train
img_0389.jpg,vest,640,640,0.71,0.695,0.2,0.28,train
img_0390.jpg,person,640,640,0.75,0.74,0.22,0.305,train
img_0391.jpg,helmet,640,640,0.79,0.2,0.24,0.18,train
img_0392.jpg,vest,640,640,0.15,0.245,0.26,0.205,train
img_0393.jpg,person,640,640,0.19,0.29,0.14,0.23,train
img_0394.jpg,helmet,640,640,0.23,0.335,0.16,0.255,train
img_0395.jpg,vest,640,640,0.27,0.38,0.18,0.28,train
img_0396.jpg,person,640,640,0.31,0.425,0.2,0.305,train
img_0397.jpg,helmet,640,640,0.35,0.47,0.22,0.18,train
img_0398.jpg,vest,640,640,0.39,0.515,0.24,0.205,train
img_0399.jpg,person,640,640,0.43,0.56,0.26,0.23,train
img_0400.jpg,helmet,640,640,0.47,0.605,0.14,0.255,train
img_0401.jpg,vest,640,640,0.51,0.65,0.16,0.28,train
img_0402.jpg,person,640,640,0.55,0.695,0.18,0.305,train
img_0403.jpg,helmet,640,640,0.59,0.74,0.2,0.18,train
img_0404.jpg,vest,640,640,0.63,0.2,0.22,0.205,train
img_0405.jpg,person,640,640,0.67,0.245,0.24,0.23,train
img_0406.jpg,helmet,640,640,0.71,0.29,0.26,0.255,train
img_0407.jpg,vest,640,640,0.75,0.335,0.14,0.28,train
img_0408.jpg,person,640,640,0.79,0.38,0.16,0.305,train
img_0409.jpg,helmet,640,640,0.15,0.425,0.18,0.18,train
img_0410.jpg,vest,640,640,0.19,0.47,0.2,0.205,train
img_0411.jpg,person,640,640,0.23,0.515,0.22,0.23,train
img_0412.jpg,helmet,640,640,0.27,0.56,0.24,0.255,train
img_0413.jpg,vest,640,640,0.31,0.605,0.26,0.28,train
img_0414.jpg,person,640,640,0.35,0.65,0.14,0.305,train
img_0415.jpg,helmet,640,640,0.39,0.695,0.16,0.18,train
img_0416.jpg,vest,640,640,0.43,0.74,0.18,0.205,train
img_0417.jpg,person,640,640,0.47,0.2,0.2,0.23,train
img_0418.jpg,helmet,640,640,0.51,0.245,0.22,0.255,train
img_0419.jpg,vest,640,640,0.55,0.29,0.24,0.28,train
img_0420.jpg,person,640,640,0.59,0.335,0.26,0.305,train
img_0421.jpg,helmet,640,640,0.63,0.38,0.14,0.18,train
img_0422.jpg,vest,640,640,0.67,0.425,0.16,0.205,train
img_0423.jpg,person,640,640,0.71,0.47,0.18,0.23,train
img_0424.jpg,helmet,640,640,0.75,0.515,0.2,0.255,train
img_0425.jpg,vest,640,640,0.79,0.56,0.22,0.28,train
img_0426.jpg,person,640,640,0.15,0.605,0.24,0.305,train
img_0427.jpg,helmet,640,640,0.19,0.65,0.26,0.18,train
img_0428.jpg,vest,640,640,0.23,0.695,0.14,0.205,train
img_0429.jpg,person,640,640,0.27,0.74,0.16,0.23,train
img_0430.jpg,helmet,640,640,0.31,0.2,0.18,0.255,train
img_0431.jpg,vest,640,640,0.35,0.245,0.2,0.28,train
img_0432.jpg,person,640,640,0.39,0.29,0.22,0.305,train
img_0433.jpg,helmet,640,640,0.43,0.335,0.24,0.18,train
img_0434.jpg,vest,640,640,0.47,0.38,0.26,0.205,train
img_0435.jpg,person,640,640,0.51,0.425,0.14,0.23,train
img_0436.jpg,helmet,640,640,0.55,0.47,0.16,0.255,train
img_0437.jpg,vest,640,640,0.59,0.515,0.18,0.28,train
img_0438.jpg,person,640,640,0.63,0.56,0.2,0.305,train
img_0439.jpg,helmet,640,640,0.67,0.605,0.22,0.18,train
img_0440.jpg,vest,640,640,0.71,0.65,0.24,0.205,train
img_0441.jpg,person,640,640,0.75,0.695,0.26,0.23,train
img_0442.jpg,helmet,640,640,0.79,0.74,0.14,0.255,train
img_0443.jpg,vest,640,640,0.15,0.2,0.16,0.28,train
img_0444.jpg,person,640,640,0.19,0.245,0.18,0.305,train
img_0445.jpg,helmet,640,640,0.23,0.29,0.2,0.18,train
img_0446.jpg,vest,640,640,0.27,0.335,0.22,0.205,train
img_0447.jpg,person,640,640,0.31,0.38,0.24,0.23,train
img_0448.jpg,helmet,640,640,0.35,0.425,0.26,0.255,train
img_0449.jpg,vest,640,640,0.39,0.47,0.14,0.28,train
img_0450.jpg,person,640,640,0.43,0.515,0.16,0.305,train
img_0451.jpg,helmet,640,640,0.47,0.56,0.18,0.18,train
img_0452.jpg,vest,640,640,0.51,0.605,0.2,0.205,train
img_0453.jpg,person,640,640,0.55,0.65,0.22,0.23,train
img_0454.jpg,helmet,640,640,0.59,0.695,0.24,0.255,train
img_0455.jpg,vest,640,640,0.63,0.74,0.26,0.28,train
img_0456.jpg,person,640,640,0.67,0.2,0.14,0.305,train
img_0457.jpg,helmet,640,640,0.71,0.245,0.16,0.18,train
img_0458.jpg,vest,640,640,0.75,0.29,0.18,0.205,train
img_0459.jpg,person,640,640,0.79,0.335,0.2,0.23,train
img_0460.jpg,helmet,640,640,0.15,0.38,0.22,0.255,train
img_0461.jpg,vest,640,640,0.19,0.425,0.24,0.28,train
img_0462.jpg,person,640,640,0.23,0.47,0.26,0.305,train
img_0463.jpg,helmet,640,640,0.27,0.515,0.14,0.18,train
img_0464.jpg,vest,640,640,0.31,0.56,0.16,0.205,train
img_0465.jpg,person,640,640,0.35,0.605,0.18,0.23,train
img_0466.jpg,helmet,640,640,0.39,0.65,0.2,0.255,train
img_0467.jpg,vest,640,640,0.43,0.695,0.22,0.28,train
img_0468.jpg,person,640,640,0.47,0.74,0.24,0.305,train
img_0469.jpg,helmet,640,640,0.51,0.2,0.26,0.18,train
img_0470.jpg,vest,640,640,0.55,0.245,0.14,0.205,train
img_0471.jpg,person,640,640,0.59,0.29,0.16,0.23,train
img_0472.jpg,helmet,640,640,0.63,0.335,0.18,0.255,train
img_0473.jpg,vest,640,640,0.67,0.38,0.2,0.28,train
img_0474.jpg,person,640,640,0.71,0.425,0.22,0.305,train
img_0475.jpg,helmet,640,640,0.75,0.47,0.24,0.18,train
img_0476.jpg,vest,640,640,0.79,0.515,0.26,0.205,train
img_0477.jpg,person,640,640,0.15,0.56,0.14,0.23,train
img_0478.jpg,helmet,640,640,0.19,0.605,0.16,0.255,train
img_0479.jpg,vest,640,640,0.23,0.65,0.18,0.28,train
img_0480.jpg,person,640,640,0.27,0.695,0.2,0.305,train
img_0481.jpg,helmet,640,640,0.31,0.74,0.22,0.18,train
img_0482.jpg,vest,640,640,0.35,0.2,0.24,0.205,train
img_0483.jpg,person,640,640,0.39,0.245,0.26,0.23,train
img_0484.jpg,helmet,640,640,0.43,0.29,0.14,0.255,train
img_0485.jpg,vest,640,640,0.47,0.335,0.16,0.28,train
img_0486.jpg,person,640,640,0.51,0.38,0.18,0.305,train
img_0487.jpg,helmet,640,640,0.55,0.425,0.2,0.18,train
img_0488.jpg,vest,640,640,0.59,0.47,0.22,0.205,train
img_0489.jpg,person,640,640,0.63,0.515,0.24,0.23,train
img_0490.jpg,helmet,640,640,0.67,0.56,0.26,0.255,train
img_0491.jpg,vest,640,640,0.71,0.605,0.14,0.28,train
img_0492.jpg,person,640,640,0.75,0.65,0.16,0.305,train
img_0493.jpg,helmet,640,640,0.79,0.695,0.18,0.18,train
img_0494.jpg,vest,640,640,0.15,0.74,0.2,0.205,train
img_0495.jpg,person,640,640,0.19,0.2,0.22,0.23,train
img_0496.jpg,helmet,640,640,0.23,0.245,0.24,0.255,train
img_0497.jpg,vest,640,640,0.27,0.29,0.26,0.28,train
img_0498.jpg,person,640,640,0.31,0.335,0.14,0.305,train
img_0499.jpg,helmet,640,640,0.35,0.38,0.16,0.18,train
img_0500.jpg,vest,640,640,0.39,0.425,0.18,0.205,train
img_0501.jpg,person,640,640,0.43,0.47,0.2,0.23,train
img_0502.jpg,helmet,640,640,0.47,0.515,0.22,0.255,train
img_0503.jpg,vest,640,640,0.51,0.56,0.24,0.28,train
img_0504.jpg,person,640,640,0.55,0.605,0.26,0.305,train
img_0505.jpg,helmet,640,640,0.59,0.65,0.14,0.18,train
img_0506.jpg,vest,640,640,0.63,0.695,0.16,0.205,train
img_0507.jpg,person,640,640,0.67,0.74,0.18,0.23,train
img_0508.jpg,helmet,640,640,0.71,0.2,0.2,0.255,train
img_0509.jpg,vest,640,640,0.75,0.245,0.22,0.28,train
img_0510.jpg,person,640,640,0.79,0.29,0.24,0.305,train
img_0511.jpg,helmet,640,640,0.15,0.335,0.26,0.18,train
img_0512.jpg,vest,640,640,0.19,0.38,0.14,0.205,train
img_0513.jpg,person,640,640,0.23,0.425,0.16,0.23,train
img_0514.jpg,helmet,640,640,0.27,0.47,0.18,0.255,train
img_0515.jpg,vest,640,640,0.31,0.515,0.2,0.28,train
img_0516.jpg,person,640,640,0.35,0.56,0.22,0.305,train
img_0517.jpg,helmet,640,640,0.39,0.605,0.24,0.18,train
img_0518.jpg,vest,640,640,0.43,0.65,0.26,0.205,train
img_0519.jpg,person,640,640,0.47,0.695,0.14,0.23,train
img_0520.jpg,helmet,640,640,0.51,0.74,0.16,0.255,train
img_0521.jpg,vest,640,640,0.55,0.2,0.18,0.28,train
img_0522.jpg,person,640,640,0.59,0.245,0.2,0.305,train
img_0523.jpg,helmet,640,640,0.63,0.29,0.22,0.18,train
img_0524.jpg,vest,640,640,0.67,0.335,0.24,0.205,train
img_0525.jpg,person,640,640,0.71,0.38,0.26,0.23,train
img_0526.jpg,helmet,640,640,0.75,0.425,0.14,0.255,train
img_0527.jpg,vest,640,640,0.79,0.47,0.16,0.28,train
img_0528.jpg,person,640,640,0.15,0.515,0.18,0.305,train
img_0529.jpg,helmet,640,640,0.19,0.56,0.2,0.18,train
img_0530.jpg,vest,640,640,0.23,0.605,0.22,0.205,train
img_0531.jpg,person,640,640,0.27,0.65,0.24,0.23,train
img_0532.jpg,helmet,640,640,0.31,0.695,0.26,0.255,train
img_0533.jpg,vest,640,640,0.35,0.74,0.14,0.28,train
img_0534.jpg,person,640,640,0.39,0.2,0.16,0.305,train
img_0535.jpg,helmet,640,640,0.43,0.245,0.18,0.18,train
img_0536.jpg,vest,640,640,0.47,0.29,0.2,0.205,train
img_0537.jpg,person,640,640,0.51,0.335,0.22,0.23,train
img_0538.jpg,helmet,640,640,0.55,0.38,0.24,0.255,train
img_0539.jpg,vest,640,640,0.59,0.425,0.26,0.28,train
img_0540.jpg,person,640,640,0.63,0.47,0.14,0.305,train
img_0541.jpg,helmet,640,640,0.67,0.515,0.16,0.18,train
img_0542.jpg,vest,640,640,0.71,0.56,0.18,0.205,train
img_0543.jpg,person,640,640,0.75,0.605,0.2,0.23,train
img_0544.jpg,helmet,640,640,0.79,0.65,0.22,0.255,train
img_0545.jpg,vest,640,640,0.15,0.695,0.24,0.28,train
img_0546.jpg,person,640,640,0.19,0.74,0.26,0.305,train
img_0547.jpg,helmet,640,640,0.23,0.2,0.14,0.18,train
img_0548.jpg,vest,640,640,0.27,0.245,0.16,0.205,train
img_0549.jpg,person,640,640,0.31,0.29,0.18,0.23,train
img_0550.jpg,helmet,640,640,0.35,0.335,0.2,0.255,train
img_0551.jpg,vest,640,640,0.39,0.38,0.22,0.28,train
img_0552.jpg,person,640,640,0.43,0.425,0.24,0.305,train
img_0553.jpg,helmet,640,640,0.47,0.47,0.26,0.18,train
img_0554.jpg,vest,640,640,0.51,0.515,0.14,0.205,train
img_0555.jpg,person,640,640,0.55,0.56,0.16,0.23,train
img_0556.jpg,helmet,640,640,0.59,0.605,0.18,0.255,train
img_0557.jpg,vest,640,640,0.63,0.65,0.2,0.28,train
img_0558.jpg,person,640,640,0.67,0.695,0.22,0.305,train
img_0559.jpg,helmet,640,640,0.71,0.74,0.24,0.18,train
img_0560.jpg,vest,640,640,0.75,0.2,0.26,0.205,train
img_0561.jpg,person,640,640,0.79,0.245,0.14,0.23,train
img_0562.jpg,helmet,640,640,0.15,0.29,0.16,0.255,train
img_0563.jpg,vest,640,640,0.19,0.335,0.18,0.28,train
img_0564.jpg,person,640,640,0.23,0.38,0.2,0.305,train
img_0565.jpg,helmet,640,640,0.27,0.425,0.22,0.18,train
img_0566.jpg,vest,640,640,0.31,0.47,0.24,0.205,train
img_0567.jpg,person,640,640,0.35,0.515,0.26,0.23,train
img_0568.jpg,helmet,640,640,0.39,0.56,0.14,0.255,train
img_0569.jpg,vest,640,640,0.43,0.605,0.16,0.28,train
img_0570.jpg,person,640,640,0.47,0.65,0.18,0.305,train
img_0571.jpg,helmet,640,640,0.51,0.695,0.2,0.18,train
img_0572.jpg,vest,640,640,0.55,0.74,0.22,0.205,train
img_0573.jpg,person,640,640,0.59,0.2,0.24,0.23,train
img_0574.jpg,helmet,640,640,0.63,0.245,0.26,0.255,train
img_0575.jpg,vest,640,640,0.67,0.29,0.14,0.28,train
img_0576.jpg,person,640,640,0.71,0.335,0.16,0.305,train
img_0577.jpg,helmet,640,640,0.75,0.38,0.18,0.18,train
img_0578.jpg,vest,640,640,0.79,0.425,0.2,0.205,train
img_0579.jpg,person,640,640,0.15,0.47,0.22,0.23,train
img_0580.jpg,helmet,640,640,0.19,0.515,0.24,0.255,train
img_0581.jpg,vest,640,640,0.23,0.56,0.26,0.28,train
img_0582.jpg,person,640,640,0.27,0.605,0.14,0.305,train
img_0583.jpg,helmet,640,640,0.31,0.65,0.16,0.18,train
img_0584.jpg,vest,640,640,0.35,0.695,0.18,0.205,train
img_0585.jpg,person,640,640,0.39,0.74,0.2,0.23,train
img_0586.jpg,helmet,640,640,0.43,0.2,0.22,0.255,train
img_0587.jpg,vest,640,640,0.47,0.245,0.24,0.28,train
img_0588.jpg,person,640,640,0.51,0.29,0.26,0.305,train
img_0589.jpg,helmet,640,640,0.55,0.335,0.14,0.18,train
img_0590.jpg,vest,640,640,0.59,0.38,0.16,0.205,train
img_0591.jpg,person,640,640,0.63,0.425,0.18,0.23,train
img_0592.jpg,helmet,640,640,0.67,0.47,0.2,0.255,train
img_0593.jpg,vest,640,640,0.71,0.515,0.22,0.28,train
img_0594.jpg,person,640,640,0.75,0.56,0.24,0.305,train
img_0595.jpg,helmet,640,640,0.79,0.605,0.26,0.18,train
img_0596.jpg,vest,640,640,0.15,0.65,0.14,0.205,train
img_0597.jpg,person,640,640,0.19,0.695,0.16,0.23,train
img_0598.jpg,helmet,640,640,0.23,0.74,0.18,0.255,train
img_0599.jpg,vest,640,640,0.27,0.2,0.2,0.28,train
img_0600.jpg,person,640,640,0.31,0.245,0.22,0.305,train
img_0601.jpg,helmet,640,640,0.35,0.29,0.24,0.18,train
img_0602.jpg,vest,640,640,0.39,0.335,0.26,0.205,train
img_0603.jpg,person,640,640,0.43,0.38,0.14,0.23,train
img_0604.jpg,helmet,640,640,0.47,0.425,0.16,0.255,train
img_0605.jpg,vest,640,640,0.51,0.47,0.18,0.28,train
img_0606.jpg,person,640,640,0.55,0.515,0.2,0.305,train
img_0607.jpg,helmet,640,640,0.59,0.56,0.22,0.18,train
img_0608.jpg,vest,640,640,0.63,0.605,0.24,0.205,train
img_0609.jpg,person,640,640,0.67,0.65,0.26,0.23,train
img_0610.jpg,helmet,640,640,0.71,0.695,0.14,0.255,train
img_0611.jpg,vest,640,640,0.75,0.74,0.16,0.28,train
img_0612.jpg,person,640,640,0.79,0.2,0.18,0.305,train
img_0613.jpg,helmet,640,640,0.15,0.245,0.2,0.18,train
img_0614.jpg,vest,640,640,0.19,0.29,0.22,0.205,train
img_0615.jpg,person,640,640,0.23,0.335,0.24,0.23,train
img_0616.jpg,helmet,640,640,0.27,0.38,0.26,0.255,train
img_0617.jpg,vest,640,640,0.31,0.425,0.14,0.28,train
img_0618.jpg,person,640,640,0.35,0.47,0.16,0.305,train
img_0619.jpg,helmet,640,640,0.39,0.515,0.18,0.18,train
img_0620.jpg,vest,640,640,0.43,0.56,0.2,0.205,train
img_0621.jpg,person,640,640,0.47,0.605,0.22,0.23,train
img_0622.jpg,helmet,640,640,0.51,0.65,0.24,0.255,train
img_0623.jpg,vest,640,640,0.55,0.695,0.26,0.28,train
img_0624.jpg,person,640,640,0.59,0.74,0.14,0.305,train
img_0625.jpg,helmet,640,640,0.63,0.2,0.16,0.18,train
img_0626.jpg,vest,640,640,0.67,0.245,0.18,0.205,train
img_0627.jpg,person,640,640,0.71,0.29,0.2,0.23,train
img_0628.jpg,helmet,640,640,0.75,0.335,0.22,0.255,train
img_0629.jpg,vest,640,640,0.79,0.38,0.24,0.28,train
img_0630.jpg,person,640,640,0.15,0.425,0.26,0.305,train
img_0631.jpg,helmet,640,640,0.19,0.47,0.14,0.18,train
img_0632.jpg,vest,640,640,0.23,0.515,0.16,0.205,train
img_0633.jpg,person,640,640,0.27,0.56,0.18,0.23,train
img_0634.jpg,helmet,640,640,0.31,0.605,0.2,0.255,train
img_0635.jpg,vest,640,640,0.35,0.65,0.22,0.28,train
img_0636.jpg,person,640,640,0.39,0.695,0.24,0.305,train
img_0637.jpg,helmet,640,640,0.43,0.74,0.26,0.18,train
img_0638.jpg,vest,640,640,0.47,0.2,0.14,0.205,train
img_0639.jpg,person,640,640,0.51,0.245,0.16,0.23,train
img_0640.jpg,helmet,640,640,0.55,0.29,0.18,0.255,train
img_0641.jpg,vest,640,640,0.59,0.335,0.2,0.28,train
img_0642.jpg,person,640,640,0.63,0.38,0.22,0.305,train
img_0643.jpg,helmet,640,640,0.67,0.425,0.24,0.18,train
img_0644.jpg,vest,640,640,0.71,0.47,0.26,0.205,train
img_0645.jpg,person,640,640,0.75,0.515,0.14,0.23,train
img_0646.jpg,helmet,640,640,0.79,0.56,0.16,0.255,train
img_0647.jpg,vest,640,640,0.15,0.605,0.18,0.28,train
img_0648.jpg,person,640,640,0.19,0.65,0.2,0.305,train
img_0649.jpg,helmet,640,640,0.23,0.695,0.22,0.18,train
img_0650.jpg,vest,640,640,0.27,0.74,0.24,0.205,train
img_0651.jpg,person,640,640,0.31,0.2,0.26,0.23,train
img_0652.jpg,helmet,640,640,0.35,0.245,0.14,0.255,train
img_0653.jpg,vest,640,640,0.39,0.29,0.16,0.28,train
img_0654.jpg,person,640,640,0.43,0.335,0.18,0.305,train
img_0655.jpg,helmet,640,640,0.47,0.38,0.2,0.18,train
img_0656.jpg,vest,640,640,0.51,0.425,0.22,0.205,train
img_0657.jpg,person,640,640,0.55,0.47,0.24,0.23,train
img_0658.jpg,helmet,640,640,0.59,0.515,0.26,0.255,train
img_0659.jpg,vest,640,640,0.63,0.56,0.14,0.28,train
img_0660.jpg,person,640,640,0.67,0.605,0.16,0.305,train
img_0661.jpg,helmet,640,640,0.71,0.65,0.18,0.18,train
img_0662.jpg,vest,640,640,0.75,0.695,0.2,0.205,train
img_0663.jpg,person,640,640,0.79,0.74,0.22,0.23,train
img_0664.jpg,helmet,640,640,0.15,0.2,0.24,0.255,train
img_0665.jpg,vest,640,640,0.19,0.245,0.26,0.28,train
img_0666.jpg,person,640,640,0.23,0.29,0.14,0.305,train
img_0667.jpg,helmet,640,640,0.27,0.335,0.16,0.18,train
img_0668.jpg,vest,640,640,0.31,0.38,0.18,0.205,train
img_0669.jpg,person,640,640,0.35,0.425,0.2,0.23,train
img_0670.jpg,helmet,640,640,0.39,0.47,0.22,0.255,train
img_0671.jpg,vest,640,640,0.43,0.515,0.24,0.28,train
img_0672.jpg,person,640,640,0.47,0.56,0.26,0.305,train
img_0673.jpg,helmet,640,640,0.51,0.605,0.14,0.18,train
img_0674.jpg,vest,640,640,0.55,0.65,0.16,0.205,train
img_0675.jpg,person,640,640,0.59,0.695,0.18,0.23,train
img_0676.jpg,helmet,640,640,0.63,0.74,0.2,0.255,train
img_0677.jpg,vest,640,640,0.67,0.2,0.22,0.28,train
img_0678.jpg,person,640,640,0.71,0.245,0.24,0.305,train
img_0679.jpg,helmet,640,640,0.75,0.29,0.26,0.18,train
img_0680.jpg,vest,640,640,0.79,0.335,0.14,0.205,train
img_0681.jpg,person,640,640,0.15,0.38,0.16,0.23,train
img_0682.jpg,helmet,640,640,0.19,0.425,0.18,0.255,train
img_0683.jpg,vest,640,640,0.23,0.47,0.2,0.28,train
img_0684.jpg,person,640,640,0.27,0.515,0.22,0.305,train
img_0685.jpg,helmet,640,640,0.31,0.56,0.24,0.18,train
img_0686.jpg,vest,640,640,0.35,0.605,0.26,0.205,train
img_0687.jpg,person,640,640,0.39,0.65,0.14,0.23,train
img_0688.jpg,helmet,640,640,0.43,0.695,0.16,0.255,train
img_0689.jpg,vest,640,640,0.47,0.74,0.18,0.28,train
img_0690.jpg,person,640,640,0.51,0.2,0.2,0.305,train
img_0691.jpg,helmet,640,640,0.55,0.245,0.22,0.18,train
img_0692.jpg,vest,640,640,0.59,0.29,0.24,0.205,train
img_0693.jpg,person,640,640,0.63,0.335,0.26,0.23,train
img_0694.jpg,helmet,640,640,0.67,0.38,0.14,0.255,train
img_0695.jpg,vest,640,640,0.71,0.425,0.16,0.28,train
img_0696.jpg,person,640,640,0.75,0.47,0.18,0.305,train
img_0697.jpg,helmet,640,640,0.79,0.515,0.2,0.18,train
img_0698.jpg,vest,640,640,0.15,0.56,0.22,0.205,train
img_0699.jpg,person,640,640,0.19,0.605,0.24,0.23,train
img_0700.jpg,helmet,640,640,0.23,0.65,0.26,0.255,train
img_0701.jpg,vest,640,640,0.27,0.695,0.14,0.28,train
img_0702.jpg,person,640,640,0.31,0.74,0.16,0.305,train
img_0703.jpg,helmet,640,640,0.35,0.2,0.18,0.18,train
img_0704.jpg,vest,640,640,0.39,0.245,0.2,0.205,train
img_0705.jpg,person,640,640,0.43,0.29,0.22,0.23,train
img_0706.jpg,helmet,640,640,0.47,0.335,0.24,0.255,train
img_0707.jpg,vest,640,640,0.51,0.38,0.26,0.28,train
img_0708.jpg,person,640,640,0.55,0.425,0.14,0.305,train
img_0709.jpg,helmet,640,640,0.59,0.47,0.16,0.18,train
img_0710.jpg,vest,640,640,0.63,0.515,0.18,0.205,train
img_0711.jpg,person,640,640,0.67,0.56,0.2,0.23,train
img_0712.jpg,helmet,640,640,0.71,0.605,0.22,0.255,train
img_0713.jpg,vest,640,640,0.75,0.65,0.24,0.28,train
img_0714.jpg,person,640,640,0.79,0.695,0.26,0.305,train
img_0715.jpg,helmet,640,640,0.15,0.74,0.14,0.18,train
img_0716.jpg,vest,640,640,0.19,0.2,0.16,0.205,train
img_0717.jpg,person,640,640,0.23,0.245,0.18,0.23,train
img_0718.jpg,helmet,640,640,0.27,0.29,0.2,0.255,train
img_0719.jpg,vest,640,640,0.31,0.335,0.22,0.28,train
img_0720.jpg,person,640,640,0.35,0.38,0.24,0.305,train
img_0721.jpg,helmet,640,640,0.39,0.425,0.26,0.18,train
img_0722.jpg,vest,640,640,0.43,0.47,0.14,0.205,train
img_0723.jpg,person,640,640,0.47,0.515,0.16,0.23,train
img_0724.jpg,helmet,640,640,0.51,0.56,0.18,0.255,train
img_0725.jpg,vest,640,640,0.55,0.605,0.2,0.28,train
img_0726.jpg,person,640,640,0.59,0.65,0.22,0.305,train
img_0727.jpg,helmet,640,640,0.63,0.695,0.24,0.18,train
img_0728.jpg,vest,640,640,0.67,0.74,0.26,0.205,train
img_0729.jpg,person,640,640,0.71,0.2,0.14,0.23,train
img_0730.jpg,helmet,640,640,0.75,0.245,0.16,0.255,train
img_0731.jpg,vest,640,640,0.79,0.29,0.18,0.28,train
img_0732.jpg,person,640,640,0.15,0.335,0.2,0.305,train
img_0733.jpg,helmet,640,640,0.19,0.38,0.22,0.18,train
img_0734.jpg,vest,640,640,0.23,0.425,0.24,0.205,train
img_0735.jpg,person,640,640,0.27,0.47,0.26,0.23,train
img_0736.jpg,helmet,640,640,0.31,0.515,0.14,0.255,train
img_0737.jpg,vest,640,640,0.35,0.56,0.16,0.28,train
img_0738.jpg,person,640,640,0.39,0.605,0.18,0.305,train
img_0739.jpg,helmet,640,640,0.43,0.65,0.2,0.18,train
img_0740.jpg,vest,640,640,0.47,0.695,0.22,0.205,train
img_0741.jpg,person,640,640,0.51,0.74,0.24,0.23,train
img_0742.jpg,helmet,640,640,0.55,0.2,0.26,0.255,train
img_0743.jpg,vest,640,640,0.59,0.245,0.14,0.28,train
img_0744.jpg,person,640,640,0.63,0.29,0.16,0.305,train
img_0745.jpg,helmet,640,640,0.67,0.335,0.18,0.18,train
img_0746.jpg,vest,640,640,0.71,0.38,0.2,0.205,train
img_0747.jpg,person,640,640,0.75,0.425,0.22,0.23,train
img_0748.jpg,helmet,640,640,0.79,0.47,0.24,0.255,train
img_0749.jpg,vest,640,640,0.15,0.515,0.26,0.28,train
img_0750.jpg,person,640,640,0.19,0.56,0.14,0.305,train
img_0751.jpg,helmet,640,640,0.23,0.605,0.16,0.18,train
img_0752.jpg,vest,640,640,0.27,0.65,0.18,0.205,train
img_0753.jpg,person,640,640,0.31,0.695,0.2,0.23,train
img_0754.jpg,helmet,640,640,0.35,0.74,0.22,0.255,train
img_0755.jpg,vest,640,640,0.39,0.2,0.24,0.28,train
img_0756.jpg,person,640,640,0.43,0.245,0.26,0.305,train
img_0757.jpg,helmet,640,640,0.47,0.29,0.14,0.18,train
img_0758.jpg,vest,640,640,0.51,0.335,0.16,0.205,train
img_0759.jpg,person,640,640,0.55,0.38,0.18,0.23,train
img_0760.jpg,helmet,640,640,0.59,0.425,0.2,0.255,train
img_0761.jpg,vest,640,640,0.63,0.47,0.22,0.28,train
img_0762.jpg,person,640,640,0.67,0.515,0.24,0.305,train
img_0763.jpg,helmet,640,640,0.71,0.56,0.26,0.18,train
img_0764.jpg,vest,640,640,0.75,0.605,0.14,0.205,train
img_0765.jpg,person,640,640,0.79,0.65,0.16,0.23,train
img_0766.jpg,helmet,640,640,0.15,0.695,0.18,0.255,train
img_0767.jpg,vest,640,640,0.19,0.74,0.2,0.28,train
img_0768.jpg,person,640,640,0.23,0.2,0.22,0.305,train
img_0769.jpg,helmet,640,640,0.27,0.245,0.24,0.18,train
img_0770.jpg,vest,640,640,0.31,0.29,0.26,0.205,train
img_0771.jpg,person,640,640,0.35,0.335,0.14,0.23,train
img_0772.jpg,helmet,640,640,0.39,0.38,0.16,0.255,train
img_0773.jpg,vest,640,640,0.43,0.425,0.18,0.28,train
img_0774.jpg,person,640,640,0.47,0.47,0.2,0.305,train
img_0775.jpg,helmet,640,640,0.51,0.515,0.22,0.18,train
img_0776.jpg,vest,640,640,0.55,0.56,0.24,0.205,train
img_0777.jpg,person,640,640,0.59,0.605,0.26,0.23,train
img_0778.jpg,helmet,640,640,0.63,0.65,0.14,0.255,train
img_0779.jpg,vest,640,640,0.67,0.695,0.16,0.28,train
img_0780.jpg,person,640,640,0.71,0.74,0.18,0.305,train
img_0781.jpg,helmet,640,640,0.75,0.2,0.2,0.18,train
img_0782.jpg,vest,640,640,0.79,0.245,0.22,0.205,train
img_0783.jpg,person,640,640,0.15,0.29,0.24,0.23,train
img_0784.jpg,helmet,640,640,0.19,0.335,0.26,0.255,train
img_0785.jpg,vest,640,640,0.23,0.38,0.14,0.28,train
img_0786.jpg,person,640,640,0.27,0.425,0.16,0.305,train
img_0787.jpg,helmet,640,640,0.31,0.47,0.18,0.18,train
img_0788.jpg,vest,640,640,0.35,0.515,0.2,0.205,train
img_0789.jpg,person,640,640,0.39,0.56,0.22,0.23,train
img_0790.jpg,helmet,640,640,0.43,0.605,0.24,0.255,train
img_0791.jpg,vest,640,640,0.47,0.65,0.26,0.28,train
img_0792.jpg,person,640,640,0.51,0.695,0.14,0.305,train
img_0793.jpg,helmet,640,640,0.55,0.74,0.16,0.18,train
img_0794.jpg,vest,640,640,0.59,0.2,0.18,0.205,train
img_0795.jpg,person,640,640,0.63,0.245,0.2,0.23,train
img_0796.jpg,helmet,640,640,0.67,0.29,0.22,0.255,train
img_0797.jpg,vest,640,640,0.71,0.335,0.24,0.28,train
img_0798.jpg,person,640,640,0.75,0.38,0.26,0.305,train
img_0799.jpg,helmet,640,640,0.79,0.425,0.14,0.18,train
img_0800.jpg,vest,640,640,0.15,0.47,0.16,0.205,train
img_0801.jpg,person,640,640,0.19,0.515,0.18,0.23,train
img_0802.jpg,helmet,640,640,0.23,0.56,0.2,0.255,train
img_0803.jpg,vest,640,640,0.27,0.605,0.22,0.28,train
img_0804.jpg,person,640,640,0.31,0.65,0.24,0.305,train
img_0805.jpg,helmet,640,640,0.35,0.695,0.26,0.18,train
img_0806.jpg,vest,640,640,0.39,0.74,0.14,0.205,train
img_0807.jpg,person,640,640,0.43,0.2,0.16,0.23,train
img_0808.jpg,helmet,640,640,0.47,0.245,0.18,0.255,train
img_0809.jpg,vest,640,640,0.51,0.29,0.2,0.28,train
img_0810.jpg,person,640,640,0.55,0.335,0.22,0.305,train
img_0811.jpg,helmet,640,640,0.59,0.38,0.24,0.18,train
img_0812.jpg,vest,640,640,0.63,0.425,0.26,0.205,train
img_0813.jpg,person,640,640,0.67,0.47,0.14,0.23,train
img_0814.jpg,helmet,640,640,0.71,0.515,0.16,0.255,train
img_0815.jpg,vest,640,640,0.75,0.56,0.18,0.28,train
img_0816.jpg,person,640,640,0.79,0.605,0.2,0.305,train
img_0817.jpg,helmet,640,640,0.15,0.65,0.22,0.18,train
img_0818.jpg,vest,640,640,0.19,0.695,0.24,0.205,train
img_0819.jpg,person,640,640,0.23,0.74,0.26,0.23,train
img_0820.jpg,helmet,640,640,0.27,0.2,0.14,0.255,train
img_0821.jpg,vest,640,640,0.31,0.245,0.16,0.28,train
img_0822.jpg,person,640,640,0.35,0.29,0.18,0.305,train
img_0823.jpg,helmet,640,640,0.39,0.335,0.2,0.18,train
img_0824.jpg,vest,640,640,0.43,0.38,0.22,0.205,train
img_0825.jpg,person,640,640,0.47,0.425,0.24,0.23,train
img_0826.jpg,helmet,640,640,0.51,0.47,0.26,0.255,train
img_0827.jpg,vest,640,640,0.55,0.515,0.14,0.28,train
img_0828.jpg,person,640,640,0.59,0.56,0.16,0.305,train
img_0829.jpg,helmet,640,640,0.63,0.605,0.18,0.18,train
img_0830.jpg,vest,640,640,0.67,0.65,0.2,0.205,train
img_0831.jpg,person,640,640,0.71,0.695,0.22,0.23,train
img_0832.jpg,helmet,640,640,0.75,0.74,0.24,0.255,train
img_0833.jpg,vest,640,640,0.79,0.2,0.26,0.28,train
img_0834.jpg,person,640,640,0.15,0.245,0.14,0.305,train
img_0835.jpg,helmet,640,640,0.19,0.29,0.16,0.18,train
img_0836.jpg,vest,640,640,0.23,0.335,0.18,0.205,train
img_0837.jpg,person,640,640,0.27,0.38,0.2,0.23,train
img_0838.jpg,helmet,640,640,0.31,0.425,0.22,0.255,train
img_0839.jpg,vest,640,640,0.35,0.47,0.24,0.28,train
img_0840.jpg,person,640,640,0.39,0.515,0.26,0.305,train
img_0841.jpg,helmet,640,640,0.43,0.56,0.14,0.18,train
img_0842.jpg,vest,640,640,0.47,0.605,0.16,0.205,train
img_0843.jpg,person,640,640,0.51,0.65,0.18,0.23,train
img_0844.jpg,helmet,640,640,0.55,0.695,0.2,0.255,train
img_0845.jpg,vest,640,640,0.59,0.74,0.22,0.28,train
img_0846.jpg,person,640,640,0.63,0.2,0.24,0.305,train
img_0847.jpg,helmet,640,640,0.67,0.245,0.26,0.18,train
img_0848.jpg,vest,640,640,0.71,0.29,0.14,0.205,train
img_0849.jpg,person,640,640,0.75,0.335,0.16,0.23,train
img_0850.jpg,helmet,640,640,0.79,0.38,0.18,0.255,train
img_0851.jpg,vest,640,640,0.15,0.425,0.2,0.28,train
img_0852.jpg,person,640,640,0.19,0.47,0.22,0.305,train
img_0853.jpg,helmet,640,640,0.23,0.515,0.24,0.18,train
img_0854.jpg,vest,640,640,0.27,0.56,0.26,0.205,train
img_0855.jpg,person,640,640,0.31,0.605,0.14,0.23,train
img_0856.jpg,helmet,640,640,0.35,0.65,0.16,0.255,train
img_0857.jpg,vest,640,640,0.39,0.695,0.18,0.28,train
img_0858.jpg,person,640,640,0.43,0.74,0.2,0.305,train
img_0859.jpg,helmet,640,640,0.47,0.2,0.22,0.18,train
img_0860.jpg,vest,640,640,0.51,0.245,0.24,0.205,train
img_0861.jpg,person,640,640,0.55,0.29,0.26,0.23,train
img_0862.jpg,helmet,640,640,0.59,0.335,0.14,0.255,train
img_0863.jpg,vest,640,640,0.63,0.38,0.16,0.28,train
img_0864.jpg,person,640,640,0.67,0.425,0.18,0.305,train
img_0865.jpg,helmet,640,640,0.71,0.47,0.2,0.18,train
img_0866.jpg,vest,640,640,0.75,0.515,0.22,0.205,train
img_0867.jpg,person,640,640,0.79,0.56,0.24,0.23,train
img_0868.jpg,helmet,640,640,0.15,0.605,0.26,0.255,train
img_0869.jpg,vest,640,640,0.19,0.65,0.14,0.28,train
img_0870.jpg,person,640,640,0.23,0.695,0.16,0.305,train
img_0871.jpg,helmet,640,640,0.27,0.74,0.18,0.18,train
img_0872.jpg,vest,640,640,0.31,0.2,0.2,0.205,train
img_0873.jpg,person,640,640,0.35,0.245,0.22,0.23,train
img_0874.jpg,helmet,640,640,0.39,0.29,0.24,0.255,train
img_0875.jpg,vest,640,640,0.43,0.335,0.26,0.28,train
img_0876.jpg,person,640,640,0.47,0.38,0.14,0.305,train
img_0877.jpg,helmet,640,640,0.51,0.425,0.16,0.18,train
img_0878.jpg,vest,640,640,0.55,0.47,0.18,0.205,train
img_0879.jpg,person,640,640,0.59,0.515,0.2,0.23,train
img_0880.jpg,helmet,640,640,0.63,0.56,0.22,0.255,train
img_0881.jpg,vest,640,640,0.67,0.605,0.24,0.28,train
img_0882.jpg,person,640,640,0.71,0.65,0.26,0.305,train
img_0883.jpg,helmet,640,640,0.75,0.695,0.14,0.18,train
img_0884.jpg,vest,640,640,0.79,0.74,0.16,0.205,train
img_0885.jpg,person,640,640,0.15,0.2,0.18,0.23,train
img_0886.jpg,helmet,640,640,0.19,0.245,0.2,0.255,train
img_0887.jpg,vest,640,640,0.23,0.29,0.22,0.28,train
img_0888.jpg,person,640,640,0.27,0.335,0.24,0.305,train
img_0889.jpg,helmet,640,640,0.31,0.38,0.26,0.18,train
img_0890.jpg,vest,640,640,0.35,0.425,0.14,0.205,train
img_0891.jpg,person,640,640,0.39,0.47,0.16,0.23,train
img_0892.jpg,helmet,640,640,0.43,0.515,0.18,0.255,train
img_0893.jpg,vest,640,640,0.47,0.56,0.2,0.28,train
img_0894.jpg,person,640,640,0.51,0.605,0.22,0.305,train
img_0895.jpg,helmet,640,640,0.55,0.65,0.24,0.18,train
img_0896.jpg,vest,640,640,0.59,0.695,0.26,0.205,train
img_0897.jpg,person,640,640,0.63,0.74,0.14,0.23,train
img_0898.jpg,helmet,640,640,0.67,0.2,0.16,0.255,train
img_0899.jpg,vest,640,640,0.71,0.245,0.18,0.28,train
img_0900.jpg,person,640,640,0.75,0.29,0.2,0.305,train
img_0901.jpg,helmet,640,640,0.79,0.335,0.22,0.18,valid
img_0902.jpg,vest,640,640,0.15,0.38,0.24,0.205,valid
img_0903.jpg,person,640,640,0.19,0.425,0.26,0.23,valid
img_0904.jpg,helmet,640,640,0.23,0.47,0.14,0.255,valid
img_0905.jpg,vest,640,640,0.27,0.515,0.16,0.28,valid
img_0906.jpg,person,640,640,0.31,0.56,0.18,0.305,valid
img_0907.jpg,helmet,640,640,0.35,0.605,0.2,0.18,valid
img_0908.jpg,vest,640,640,0.39,0.65,0.22,0.205,valid
img_0909.jpg,person,640,640,0.43,0.695,0.24,0.23,valid
img_0910.jpg,helmet,640,640,0.47,0.74,0.26,0.255,valid
img_0911.jpg,vest,640,640,0.51,0.2,0.14,0.28,valid
img_0912.jpg,person,640,640,0.55,0.245,0.16,0.305,valid
img_0913.jpg,helmet,640,640,0.59,0.29,0.18,0.18,valid
img_0914.jpg,vest,640,640,0.63,0.335,0.2,0.205,valid
img_0915.jpg,person,640,640,0.67,0.38,0.22,0.23,valid
img_0916.jpg,helmet,640,640,0.71,0.425,0.24,0.255,valid
img_0917.jpg,vest,640,640,0.75,0.47,0.26,0.28,valid
img_0918.jpg,person,640,640,0.79,0.515,0.14,0.305,valid
img_0919.jpg,helmet,640,640,0.15,0.56,0.16,0.18,valid
img_0920.jpg,vest,640,640,0.19,0.605,0.18,0.205,valid
img_0921.jpg,person,640,640,0.23,0.65,0.2,0.23,valid
img_0922.jpg,helmet,640,640,0.27,0.695,0.22,0.255,valid
img_0923.jpg,vest,640,640,0.31,0.74,0.24,0.28,valid
img_0924.jpg,person,640,640,0.35,0.2,0.26,0.305,valid
img_0925.jpg,helmet,640,640,0.39,0.245,0.14,0.18,valid
img_0926.jpg,vest,640,640,0.43,0.29,0.16,0.205,valid
img_0927.jpg,person,640,640,0.47,0.335,0.18,0.23,valid
img_0928.jpg,helmet,640,640,0.51,0.38,0.2,0.255,valid
img_0929.jpg,vest,640,640,0.55,0.425,0.22,0.28,valid
img_0930.jpg,person,640,640,0.59,0.47,0.24,0.305,valid
img_0931.jpg,helmet,640,640,0.63,0.515,0.26,0.18,valid
img_0932.jpg,vest,640,640,0.67,0.56,0.14,0.205,valid
img_0933.jpg,person,640,640,0.71,0.605,0.16,0.23,valid
img_0934.jpg,helmet,640,640,0.75,0.65,0.18,0.255,valid
img_0935.jpg,vest,640,640,0.79,0.695,0.2,0.28,valid
img_0936.jpg,person,640,640,0.15,0.74,0.22,0.305,valid
img_0937.jpg,helmet,640,640,0.19,0.2,0.24,0.18,valid
img_0938.jpg,vest,640,640,0.23,0.245,0.26,0.205,valid
img_0939.jpg,person,640,640,0.27,0.29,0.14,0.23,valid
img_0940.jpg,helmet,640,640,0.31,0.335,0.16,0.255,valid
img_0941.jpg,vest,640,640,0.35,0.38,0.18,0.28,valid
img_0942.jpg,person,640,640,0.39,0.425,0.2,0.305,valid
img_0943.jpg,helmet,640,640,0.43,0.47,0.22,0.18,valid
img_0944.jpg,vest,640,640,0.47,0.515,0.24,0.205,valid
img_0945.jpg,person,640,640,0.51,0.56,0.26,0.23,valid
img_0946.jpg,helmet,640,640,0.55,0.605,0.14,0.255,valid
img_0947.jpg,vest,640,640,0.59,0.65,0.16,0.28,valid
img_0948.jpg,person,640,640,0.63,0.695,0.18,0.305,valid
img_0949.jpg,helmet,640,640,0.67,0.74,0.2,0.18,valid
img_0950.jpg,vest,640,640,0.71,0.2,0.22,0.205,valid
img_0951.jpg,person,640,640,0.75,0.245,0.24,0.23,valid
img_0952.jpg,helmet,640,640,0.79,0.29,0.26,0.255,valid
img_0953.jpg,vest,640,640,0.15,0.335,0.14,0.28,valid
img_0954.jpg,person,640,640,0.19,0.38,0.16,0.305,valid
img_0955.jpg,helmet,640,640,0.23,0.425,0.18,0.18,valid
img_0956.jpg,vest,640,640,0.27,0.47,0.2,0.205,valid
img_0957.jpg,person,640,640,0.31,0.515,0.22,0.23,valid
img_0958.jpg,helmet,640,640,0.35,0.56,0.24,0.255,valid
img_0959.jpg,vest,640,640,0.39,0.605,0.26,0.28,valid
img_0960.jpg,person,640,640,0.43,0.65,0.14,0.305,valid
img_0961.jpg,helmet,640,640,0.47,0.695,0.16,0.18,valid
img_0962.jpg,vest,640,640,0.51,0.74,0.18,0.205,valid
img_0963.jpg,person,640,640,0.55,0.2,0.2,0.23,valid
img_0964.jpg,helmet,640,640,0.59,0.245,0.22,0.255,valid
img_0965.jpg,vest,640,640,0.63,0.29,0.24,0.28,valid
img_0966.jpg,person,640,640,0.67,0.335,0.26,0.305,valid
img_0967.jpg,helmet,640,640,0.71,0.38,0.14,0.18,valid
img_0968.jpg,vest,640,640,0.75,0.425,0.16,0.205,valid
img_0969.jpg,person,640,640,0.79,0.47,0.18,0.23,valid
img_0970.jpg,helmet,640,640,0.15,0.515,0.2,0.255,valid
img_0971.jpg,vest,640,640,0.19,0.56,0.22,0.28,valid
img_0972.jpg,person,640,640,0.23,0.605,0.24,0.305,valid
img_0973.jpg,helmet,640,640,0.27,0.65,0.26,0.18,valid
img_0974.jpg,vest,640,640,0.31,0.695,0.14,0.205,valid
img_0975.jpg,person,640,640,0.35,0.74,0.16,0.23,valid
img_0976.jpg,helmet,640,640,0.39,0.2,0.18,0.255,valid
img_0977.jpg,vest,640,640,0.43,0.245,0.2,0.28,valid
img_0978.jpg,person,640,640,0.47,0.29,0.22,0.305,valid
img_0979.jpg,helmet,640,640,0.51,0.335,0.24,0.18,valid
img_0980.jpg,vest,640,640,0.55,0.38,0.26,0.205,valid
img_0981.jpg,person,640,640,0.59,0.425,0.14,0.23,valid
img_0982.jpg,helmet,640,640,0.63,0.47,0.16,0.255,valid
img_0983.jpg,vest,640,640,0.67,0.515,0.18,0.28,valid
img_0984.jpg,person,640,640,0.71,0.56,0.2,0.305,valid
img_0985.jpg,helmet,640,640,0.75,0.605,0.22,0.18,valid
img_0986.jpg,vest,640,640,0.79,0.65,0.24,0.205,valid
img_0987.jpg,person,640,640,0.15,0.695,0.26,0.23,valid
img_0988.jpg,helmet,640,640,0.19,0.74,0.14,0.255,valid
img_0989.jpg,vest,640,640,0.23,0.2,0.16,0.28,valid
img_0990.jpg,person,640,640,0.27,0.245,0.18,0.305,valid
img_0991.jpg,helmet,640,640,0.31,0.29,0.2,0.18,valid
img_0992.jpg,vest,640,640,0.35,0.335,0.22,0.205,valid
img_0993.jpg,person,640,640,0.39,0.38,0.24,0.23,valid
img_0994.jpg,helmet,640,640,0.43,0.425,0.26,0.255,valid
img_0995.jpg,vest,640,640,0.47,0.47,0.14,0.28,valid
img_0996.jpg,person,640,640,0.51,0.515,0.16,0.305,valid
img_0997.jpg,helmet,640,640,0.55,0.56,0.18,0.18,valid
img_0998.jpg,vest,640,640,0.59,0.605,0.2,0.205,valid
img_0999.jpg,person,640,640,0.63,0.65,0.22,0.23,valid
img_1000.jpg,helmet,640,640,0.67,0.695,0.24,0.255,valid
img_1001.jpg,vest,640,640,0.71,0.74,0.26,0.28,valid
img_1002.jpg,person,640,640,0.75,0.2,0.14,0.305,valid
img_1003.jpg,helmet,640,640,0.79,0.245,0.16,0.18,valid
img_1004.jpg,vest,640,640,0.15,0.29,0.18,0.205,valid
img_1005.jpg,person,640,640,0.19,0.335,0.2,0.23,valid
img_1006.jpg,helmet,640,640,0.23,0.38,0.22,0.255,valid
img_1007.jpg,vest,640,640,0.27,0.425,0.24,0.28,valid
img_1008.jpg,person,640,640,0.31,0.47,0.26,0.305,valid
img_1009.jpg,helmet,640,640,0.35,0.515,0.14,0.18,valid
img_1010.jpg,vest,640,640,0.39,0.56,0.16,0.205,valid
img_1011.jpg,person,640,640,0.43,0.605,0.18,0.23,valid
img_1012.jpg,helmet,640,640,0.47,0.65,0.2,0.255,valid
img_1013.jpg,vest,640,640,0.51,0.695,0.22,0.28,valid
img_1014.jpg,person,640,640,0.55,0.74,0.24,0.305,valid
img_1015.jpg,helmet,640,640,0.59,0.2,0.26,0.18,valid
img_1016.jpg,vest,640,640,0.63,0.245,0.14,0.205,valid
img_1017.jpg,person,640,640,0.67,0.29,0.16,0.23,valid
img_1018.jpg,helmet,640,640,0.71,0.335,0.18,0.255,valid
img_1019.jpg,vest,640,640,0.75,0.38,0.2,0.28,valid
img_1020.jpg,person,640,640,0.79,0.425,0.22,0.305,valid
img_1021.jpg,helmet,640,640,0.15,0.47,0.24,0.18,valid
img_1022.jpg,vest,640,640,0.19,0.515,0.26,0.205,valid
img_1023.jpg,person,640,640,0.23,0.56,0.14,0.23,valid
img_1024.jpg,helmet,640,640,0.27,0.605,0.16,0.255,valid
img_1025.jpg,vest,640,640,0.31,0.65,0.18,0.28,valid
img_1026.jpg,person,640,640,0.35,0.695,0.2,0.305,valid
img_1027.jpg,helmet,640,640,0.39,0.74,0.22,0.18,valid
img_1028.jpg,vest,640,640,0.43,0.2,0.24,0.205,valid
img_1029.jpg,person,640,640,0.47,0.245,0.26,0.23,valid
img_1030.jpg,helmet,640,640,0.51,0.29,0.14,0.255,valid
img_1031.jpg,vest,640,640,0.55,0.335,0.16,0.28,valid
img_1032.jpg,person,640,640,0.59,0.38,0.18,0.305,valid
img_1033.jpg,helmet,640,640,0.63,0.425,0.2,0.18,valid
img_1034.jpg,vest,640,640,0.67,0.47,0.22,0.205,valid
img_1035.jpg,person,640,640,0.71,0.515,0.24,0.23,valid
img_1036.jpg,helmet,640,640,0.75,0.56,0.26,0.255,valid
img_1037.jpg,vest,640,640,0.79,0.605,0.14,0.28,valid
img_1038.jpg,person,640,640,0.15,0.65,0.16,0.305,valid
img_1039.jpg,helmet,640,640,0.19,0.695,0.18,0.18,valid
img_1040.jpg,vest,640,640,0.23,0.74,0.2,0.205,valid
img_1041.jpg,person,640,640,0.27,0.2,0.22,0.23,valid
img_1042.jpg,helmet,640,640,0.31,0.245,0.24,0.255,valid
img_1043.jpg,vest,640,640,0.35,0.29,0.26,0.28,valid
img_1044.jpg,person,640,640,0.39,0.335,0.14,0.305,valid
img_1045.jpg,helmet,640,640,0.43,0.38,0.16,0.18,valid
img_1046.jpg,vest,640,640,0.47,0.425,0.18,0.205,valid
img_1047.jpg,person,640,640,0.51,0.47,0.2,0.23,valid
img_1048.jpg,helmet,640,640,0.55,0.515,0.22,0.255,valid
img_1049.jpg,vest,640,640,0.59,0.56,0.24,0.28,valid
img_1050.jpg,person,640,640,0.63,0.605,0.26,0.305,valid
img_1051.jpg,helmet,640,640,0.67,0.65,0.14,0.18,test
img_1052.jpg,vest,640,640,0.71,0.695,0.16,0.205,test
img_1053.jpg,person,640,640,0.75,0.74,0.18,0.23,test
img_1054.jpg,helmet,640,640,0.79,0.2,0.2,0.255,test
img_1055.jpg,vest,640,640,0.15,0.245,0.22,0.28,test
img_1056.jpg,person,640,640,0.19,0.29,0.24,0.305,test
img_1057.jpg,helmet,640,640,0.23,0.335,0.26,0.18,test
img_1058.jpg,vest,640,640,0.27,0.38,0.14,0.205,test
img_1059.jpg,person,640,640,0.31,0.425,0.16,0.23,test
img_1060.jpg,helmet,640,640,0.35,0.47,0.18,0.255,test
img_1061.jpg,vest,640,640,0.39,0.515,0.2,0.28,test
img_1062.jpg,person,640,640,0.43,0.56,0.22,0.305,test
img_1063.jpg,helmet,640,640,0.47,0.605,0.24,0.18,test
img_1064.jpg,vest,640,640,0.51,0.65,0.26,0.205,test
img_1065.jpg,person,640,640,0.55,0.695,0.14,0.23,test
img_1066.jpg,helmet,640,640,0.59,0.74,0.16,0.255,test
img_1067.jpg,vest,640,640,0.63,0.2,0.18,0.28,test
img_1068.jpg,person,640,640,0.67,0.245,0.2,0.305,test
img_1069.jpg,helmet,640,640,0.71,0.29,0.22,0.18,test
img_1070.jpg,vest,640,640,0.75,0.335,0.24,0.205,test
img_1071.jpg,person,640,640,0.79,0.38,0.26,0.23,test
img_1072.jpg,helmet,640,640,0.15,0.425,0.14,0.255,test
img_1073.jpg,vest,640,640,0.19,0.47,0.16,0.28,test
img_1074.jpg,person,640,640,0.23,0.515,0.18,0.305,test
img_1075.jpg,helmet,640,640,0.27,0.56,0.2,0.18,test
img_1076.jpg,vest,640,640,0.31,0.605,0.22,0.205,test
img_1077.jpg,person,640,640,0.35,0.65,0.24,0.23,test
img_1078.jpg,helmet,640,640,0.39,0.695,0.26,0.255,test
img_1079.jpg,vest,640,640,0.43,0.74,0.14,0.28,test
img_1080.jpg,person,640,640,0.47,0.2,0.16,0.305,test
img_1081.jpg,helmet,640,640,0.51,0.245,0.18,0.18,test
img_1082.jpg,vest,640,640,0.55,0.29,0.2,0.205,test
img_1083.jpg,person,640,640,0.59,0.335,0.22,0.23,test
img_1084.jpg,helmet,640,640,0.63,0.38,0.24,0.255,test
img_1085.jpg,vest,640,640,0.67,0.425,0.26,0.28,test
img_1086.jpg,person,640,640,0.71,0.47,0.14,0.305,test
img_1087.jpg,helmet,640,640,0.75,0.515,0.16,0.18,test
img_1088.jpg,vest,640,640,0.79,0.56,0.18,0.205,test
img_1089.jpg,person,640,640,0.15,0.605,0.2,0.23,test
img_1090.jpg,helmet,640,640,0.19,0.65,0.22,0.255,test
img_1091.jpg,vest,640,640,0.23,0.695,0.24,0.28,test
img_1092.jpg,person,640,640,0.27,0.74,0.26,0.305,test
img_1093.jpg,helmet,640,640,0.31,0.2,0.14,0.18,test
img_1094.jpg,vest,640,640,0.35,0.245,0.16,0.205,test
img_1095.jpg,person,640,640,0.39,0.29,0.18,0.23,test
img_1096.jpg,helmet,640,640,0.43,0.335,0.2,0.255,test
img_1097.jpg,vest,640,640,0.47,0.38,0.22,0.28,test
img_1098.jpg,person,640,640,0.51,0.425,0.24,0.305,test
img_1099.jpg,helmet,640,640,0.55,0.47,0.26,0.18,test
img_1100.jpg,vest,640,640,0.59,0.515,0.14,0.205,test
img_1101.jpg,person,640,640,0.63,0.56,0.16,0.23,test
img_1102.jpg,helmet,640,640,0.67,0.605,0.18,0.255,test
img_1103.jpg,vest,640,640,0.71,0.65,0.2,0.28,test
img_1104.jpg,person,640,640,0.75,0.695,0.22,0.305,test
img_1105.jpg,helmet,640,640,0.79,0.74,0.24,0.18,test
img_1106.jpg,vest,640,640,0.15,0.2,0.26,0.205,test
img_1107.jpg,person,640,640,0.19,0.245,0.14,0.23,test
img_1108.jpg,helmet,640,640,0.23,0.29,0.16,0.255,test
img_1109.jpg,vest,640,640,0.27,0.335,0.18,0.28,test
img_1110.jpg,person,640,640,0.31,0.38,0.2,0.305,test
img_1111.jpg,helmet,640,640,0.35,0.425,0.22,0.18,test
img_1112.jpg,vest,640,640,0.39,0.47,0.24,0.205,test
img_1113.jpg,person,640,640,0.43,0.515,0.26,0.23,test
img_1114.jpg,helmet,640,640,0.47,0.56,0.14,0.255,test
img_1115.jpg,vest,640,640,0.51,0.605,0.16,0.28,test
img_1116.jpg,person,640,640,0.55,0.65,0.18,0.305,test
img_1117.jpg,helmet,640,640,0.59,0.695,0.2,0.18,test
img_1118.jpg,vest,640,640,0.63,0.74,0.22,0.205,test
img_1119.jpg,person,640,640,0.67,0.2,0.24,0.23,test
img_1120.jpg,helmet,640,640,0.71,0.245,0.26,0.255,test
img_1121.jpg,vest,640,640,0.75,0.29,0.14,0.28,test
img_1122.jpg,person,640,640,0.79,0.335,0.16,0.305,test
img_1123.jpg,helmet,640,640,0.15,0.38,0.18,0.18,test
img_1124.jpg,vest,640,640,0.19,0.425,0.2,0.205,test
img_1125.jpg,person,640,640,0.23,0.47,0.22,0.23,test
img_1126.jpg,helmet,640,640,0.27,0.515,0.24,0.255,test
img_1127.jpg,vest,640,640,0.31,0.56,0.26,0.28,test
img_1128.jpg,person,640,640,0.35,0.605,0.14,0.305,test
img_1129.jpg,helmet,640,640,0.39,0.65,0.16,0.18,test
img_1130.jpg,vest,640,640,0.43,0.695,0.18,0.205,test
img_1131.jpg,person,640,640,0.47,0.74,0.2,0.23,test
img_1132.jpg,helmet,640,640,0.51,0.2,0.22,0.255,test
img_1133.jpg,vest,640,640,0.55,0.245,0.24,0.28,test
img_1134.jpg,person,640,640,0.59,0.29,0.26,0.305,test
img_1135.jpg,helmet,640,640,0.63,0.335,0.14,0.18,test
img_1136.jpg,vest,640,640,0.67,0.38,0.16,0.205,test
img_1137.jpg,person,640,640,0.71,0.425,0.18,0.23,test
img_1138.jpg,helmet,640,640,0.75,0.47,0.2,0.255,test
img_1139.jpg,vest,640,640,0.79,0.515,0.22,0.28,test
img_1140.jpg,person,640,640,0.15,0.56,0.24,0.305,test
img_1141.jpg,helmet,640,640,0.19,0.605,0.26,0.18,test
img_1142.jpg,vest,640,640,0.23,0.65,0.14,0.205,test
img_1143.jpg,person,640,640,0.27,0.695,0.16,0.23,test
img_1144.jpg,helmet,640,640,0.31,0.74,0.18,0.255,test
img_1145.jpg,vest,640,640,0.35,0.2,0.2,0.28,test
img_1146.jpg,person,640,640,0.39,0.245,0.22,0.305,test
img_1147.jpg,helmet,640,640,0.43,0.29,0.24,0.18,test
img_1148.jpg,vest,640,640,0.47,0.335,0.26,0.205,test
img_1149.jpg,person,640,640,0.51,0.38,0.14,0.23,test
img_1150.jpg,helmet,640,640,0.55,0.425,0.16,0.255,test
img_1151.jpg,vest,640,640,0.59,0.47,0.18,0.28,test
img_1152.jpg,person,640,640,0.63,0.515,0.2,0.305,test
img_1153.jpg,helmet,640,640,0.67,0.56,0.22,0.18,test
img_1154.jpg,vest,640,640,0.71,0.605,0.24,0.205,test
img_1155.jpg,person,640,640,0.75,0.65,0.26,0.23,test
img_1156.jpg,helmet,640,640,0.79,0.695,0.14,0.255,test
img_1157.jpg,vest,640,640,0.15,0.74,0.16,0.28,test
img_1158.jpg,person,640,640,0.19,0.2,0.18,0.305,test
img_1159.jpg,helmet,640,640,0.23,0.245,0.2,0.18,test
img_1160.jpg,vest,640,640,0.27,0.29,0.22,0.205,test
img_1161.jpg,person,640,640,0.31,0.335,0.24,0.23,test
img_1162.jpg,helmet,640,640,0.35,0.38,0.26,0.255,test
img_1163.jpg,vest,640,640,0.39,0.425,0.14,0.28,test
img_1164.jpg,person,640,640,0.43,0.47,0.16,0.305,test
img_1165.jpg,helmet,640,640,0.47,0.515,0.18,0.18,test
img_1166.jpg,vest,640,640,0.51,0.56,0.2,0.205,test
img_1167.jpg,person,640,640,0.55,0.605,0.22,0.23,test
img_1168.jpg,helmet,640,640,0.59,0.65,0.24,0.255,test
img_1169.jpg,vest,640,640,0.63,0.695,0.26,0.28,test
img_1170.jpg,person,640,640,0.67,0.74,0.14,0.305,test
img_1171.jpg,helmet,640,640,0.71,0.2,0.16,0.18,test
img_1172.jpg,vest,640,640,0.75,0.245,0.18,0.205,test
img_1173.jpg,person,640,640,0.79,0.29,0.2,0.23,test
img_1174.jpg,helmet,640,640,0.15,0.335,0.22,0.255,test
img_1175.jpg,vest,640,640,0.19,0.38,0.24,0.28,test
img_1176.jpg,person,640,640,0.23,0.425,0.26,0.305,test
img_1177.jpg,helmet,640,640,0.27,0.47,0.14,0.18,test
img_1178.jpg,vest,640,640,0.31,0.515,0.16,0.205,test
img_1179.jpg,person,640,640,0.35,0.56,0.18,0.23,test
img_1180.jpg,helmet,640,640,0.39,0.605,0.2,0.255,test
img_1181.jpg,vest,640,640,0.43,0.65,0.22,0.28,test
img_1182.jpg,person,640,640,0.47,0.695,0.24,0.305,test
img_1183.jpg,helmet,640,640,0.51,0.74,0.26,0.18,test
img_1184.jpg,vest,640,640,0.55,0.2,0.14,0.205,test
img_1185.jpg,person,640,640,0.59,0.245,0.16,0.23,test
img_1186.jpg,helmet,640,640,0.63,0.29,0.18,0.255,test
img_1187.jpg,vest,640,640,0.67,0.335,0.2,0.28,test
img_1188.jpg,person,640,640,0.71,0.38,0.22,0.305,test
img_1189.jpg,helmet,640,640,0.75,0.425,0.24,0.18,test
img_1190.jpg,vest,640,640,0.79,0.47,0.26,0.205,test
img_1191.jpg,person,640,640,0.15,0.515,0.14,0.23,test
img_1192.jpg,helmet,640,640,0.19,0.56,0.16,0.255,test
img_1193.jpg,vest,640,640,0.23,0.605,0.18,0.28,test
img_1194.jpg,person,640,640,0.27,0.65,0.2,0.305,test
img_1195.jpg,helmet,640,640,0.31,0.695,0.22,0.18,test
img_1196.jpg,vest,640,640,0.35,0.74,0.24,0.205,test
img_1197.jpg,person,640,640,0.39,0.2,0.26,0.23,test
img_1198.jpg,helmet,640,640,0.43,0.245,0.14,0.255,test
img_1199.jpg,vest,640,640,0.47,0.29,0.16,0.28,test
img_1200.jpg,person,640,640,0.51,0.335,0.18,0.305,test
